{
 "alpha": 18.22974967956543,
 "beta": 0.41906192898750305,
 "num_iter": 2000,
 "eta": 0.1,
 "gamma": 0.9
}